{
  "project_info": {
    "project_number": "649938717500",
    "project_id": "fir-realtimekotlin-8fb70",
    "storage_bucket": "fir-realtimekotlin-8fb70.appspot.com"
  },
  "client": [
    {
      "client_info": {
        "mobilesdk_app_id": "1:649938717500:android:c3a980b9de9cb9d2abec39",
        "android_client_info": {
          "package_name": "com.example.lab8"
        }
      },
      "oauth_client": [],
      "api_key": [
        {
          "current_key": "AIzaSyAomPm-zL0O7u72tmG1YHe4npqc25J4O5g"
        }
      ],
      "services": {
        "appinvite_service": {
          "other_platform_oauth_client": []
        }
      }
    }
  ],
  "configuration_version": "1"
}